Date,Conversations Dining,Friley Windows,Seasons Marketplace,Union Drive Community Center
2/17/2025,4,5,2,3
2/17/2025,2,4,3,5
2/17/2025,2,5,3,4
2/17/2025,4,2,3,5
2/17/2025,2,5,4,3
2/17/2025,3,4,2,5
2/17/2025,3,4,2,5
2/17/2025,3,4,2,5
2/17/2025,2,3,4,5
2/17/2025,4,3,2,5
2/17/2025,2,5,3,4
2/17/2025,4,5,3,2
2/17/2025,5,2,3,4
2/17/2025,5,2,3,4
2/17/2025,5,3,2,4
2/17/2025,4,3,2,5
2/17/2025,4,5,3,2
2/17/2025,4,2,3,5
2/17/2025,3,4,2,5
2/17/2025,5,3,2,4
2/17/2025,2,3,4,5
2/17/2025,2,4,3,5
2/17/2025,4,5,2,3
2/17/2025,5,4,2,3
2/17/2025,2,4,3,5
2/17/2025,5,3,2,4
2/17/2025,3,5,4,2
2/17/2025,3,5,2,4
2/17/2025,4,3,5,2
2/17/2025,5,2,3,4
2/17/2025,3,4,2,5
2/17/2025,2,4,5,3
2/17/2025,4,3,2,5
2/17/2025,3,5,2,4
2/17/2025,3,4,2,5
2/17/2025,3,2,4,5
2/17/2025,3,5,2,4
2/17/2025,2,3,4,5
2/17/2025,2,4,3,5
2/17/2025,4,5,2,3
2/17/2025,2,5,4,3
2/17/2025,4,5,2,3
2/17/2025,2,4,3,5
2/17/2025,4,3,5,2
2/17/2025,5,4,2,3
2/17/2025,3,5,2,4
2/17/2025,5,2,4,3
2/17/2025,4,3,5,2
2/17/2025,4,3,2,5
2/17/2025,5,2,4,3
2/17/2025,4,3,2,5
2/17/2025,5,3,2,4
2/17/2025,2,4,5,3
2/17/2025,5,2,3,4
2/17/2025,5,4,2,3
2/17/2025,2,3,4,5
2/17/2025,3,5,4,2
2/18/2025,2,4,3,5
2/18/2025,4,3,2,5
2/18/2025,3,4,2,5
2/18/2025,3,5,2,4
2/18/2025,2,5,3,4
2/18/2025,2,4,5,3
2/18/2025,2,4,5,3
2/18/2025,5,3,4,2
2/18/2025,5,3,2,4
2/18/2025,3,5,2,4
2/18/2025,3,4,2,5
2/18/2025,5,2,3,4
2/18/2025,3,2,5,4
2/18/2025,4,5,2,3
2/18/2025,4,2,3,5
2/18/2025,4,5,3,2
2/18/2025,5,3,2,4
2/18/2025,2,4,3,5
2/18/2025,2,5,3,4
2/18/2025,3,5,2,4
2/18/2025,5,2,3,4
2/18/2025,2,4,3,5
2/18/2025,5,2,4,3
2/18/2025,4,2,3,5
2/18/2025,2,3,4,5
2/18/2025,2,4,3,5
2/18/2025,5,2,4,3
2/18/2025,4,3,2,5
2/18/2025,4,2,3,5
2/18/2025,4,3,2,5
2/18/2025,3,4,5,2
2/18/2025,5,3,2,4
2/18/2025,2,3,4,5
2/18/2025,5,3,2,4
2/18/2025,2,3,4,5
2/18/2025,3,4,5,2
2/18/2025,3,4,2,5
2/18/2025,3,5,2,4
2/18/2025,5,3,2,4
2/18/2025,5,3,2,4
2/18/2025,2,4,3,5
2/18/2025,3,2,4,5
2/18/2025,2,4,3,5
2/18/2025,5,4,3,2
2/18/2025,4,3,2,5
2/18/2025,2,5,4,3
2/18/2025,2,3,4,5
2/18/2025,5,3,4,2
2/18/2025,5,3,2,4
2/18/2025,5,3,2,4
2/18/2025,5,3,2,4
2/18/2025,5,3,2,4
2/18/2025,2,5,3,4
2/18/2025,4,5,3,2
2/18/2025,3,4,2,5
2/18/2025,3,4,5,2
2/18/2025,4,3,2,5
2/18/2025,2,4,3,5
2/18/2025,2,5,3,4
2/18/2025,3,5,4,2
2/18/2025,2,5,3,4
2/18/2025,2,3,4,5
2/18/2025,3,5,2,4
2/18/2025,4,2,5,3
2/18/2025,4,5,2,3
2/18/2025,3,2,5,4
2/18/2025,4,5,3,2
2/18/2025,4,3,2,5
2/18/2025,5,2,4,3
2/18/2025,3,4,2,5
2/18/2025,3,4,2,5
2/18/2025,3,4,2,5
2/18/2025,2,4,3,5
2/18/2025,2,4,3,5
2/18/2025,3,5,4,2
2/18/2025,3,4,2,5
2/18/2025,2,3,5,4
2/18/2025,5,4,3,2
2/18/2025,4,2,3,5
2/18/2025,5,2,3,4
2/18/2025,3,4,2,5
2/18/2025,2,3,4,5
2/18/2025,3,4,2,5
2/18/2025,2,3,4,5
2/18/2025,2,3,4,5
2/18/2025,5,3,4,2
2/18/2025,4,3,2,5
2/18/2025,3,4,2,5
2/18/2025,3,5,2,4
2/22/2025,5,3,4,2
2/24/2025,4,5,3,2
2/24/2025,3,4,2,5
2/24/2025,2,4,3,5
2/24/2025,4,5,3,2
2/24/2025,4,5,2,3
2/24/2025,4,5,3,2
2/24/2025,2,5,3,4
2/24/2025,4,5,3,2
2/24/2025,4,5,3,2
2/24/2025,4,5,3,2
2/24/2025,4,5,3,2
2/24/2025,4,5,3,2
2/24/2025,4,5,3,2
2/24/2025,5,4,2,3
2/25/2025,3,5,2,4
,,,,
,,,,
